{
	"format_version": "1.12.0",
	"minecraft:geometry": [
		{
			"description": {
				"identifier": "geometry.tarotcards",
				"texture_width": 252,
				"texture_height": 126,
				"visible_bounds_width": 2,
				"visible_bounds_height": 1.5,
				"visible_bounds_offset": [0, 0.25, 0]
			},
			"bones": [
				{
					"name": "bone",
					"pivot": [-8, 0.4, 6.13462],
					"cubes": [
						{
							"origin": [2.5, 0.15, -0.38462],
							"size": [2.5, 0, 4],
							"uv": {
								"north": {"uv": [126.032, 0.032], "uv_size": [19.6555, 33.46038]},
								"east": {"uv": [126.032, 0.032], "uv_size": [19.6555, 33.46038]},
								"south": {"uv": [126.032, 0.032], "uv_size": [19.6555, 33.46038]},
								"west": {"uv": [126.032, 0.032], "uv_size": [19.6555, 33.46038]},
								"up": {"uv": [145.6875, 34.47675], "uv_size": [-19.6555, -34.44475]},
								"down": {"uv": [145.6875, 33.49238], "uv_size": [-19.6555, -33.46038]}
							}
						},
						{
							"origin": [2, 0.25, 1.11538],
							"size": [2.5, 0, 4],
							"uv": {
								"north": {"uv": [126.032, 0.032], "uv_size": [19.6555, 33.46038]},
								"east": {"uv": [126.032, 0.032], "uv_size": [19.6555, 33.46038]},
								"south": {"uv": [126.032, 0.032], "uv_size": [19.6555, 33.46038]},
								"west": {"uv": [126.032, 0.032], "uv_size": [19.6555, 33.46038]},
								"up": {"uv": [166.69013, 34.46887], "uv_size": [-19.6875, -34.43687]},
								"down": {"uv": [145.6875, 33.49238], "uv_size": [-19.6555, -33.46038]}
							}
						},
						{
							"origin": [-1.5, 0.25, 1.11538],
							"size": [2.5, 0, 4],
							"uv": {
								"north": {"uv": [126.032, 0.032], "uv_size": [19.6555, 33.46038]},
								"east": {"uv": [126.032, 0.032], "uv_size": [19.6555, 33.46038]},
								"south": {"uv": [126.032, 0.032], "uv_size": [19.6555, 33.46038]},
								"west": {"uv": [126.032, 0.032], "uv_size": [19.6555, 33.46038]},
								"up": {"uv": [187.69275, 34.461], "uv_size": [-19.6875, -34.429]},
								"down": {"uv": [145.6875, 33.49238], "uv_size": [-19.6555, -33.46038]}
							}
						},
						{
							"origin": [-5, 0.25, 1.11538],
							"size": [2.5, 0, 4],
							"uv": {
								"north": {"uv": [126.032, 0.032], "uv_size": [19.6555, 33.46038]},
								"east": {"uv": [126.032, 0.032], "uv_size": [19.6555, 33.46038]},
								"south": {"uv": [126.032, 0.032], "uv_size": [19.6555, 33.46038]},
								"west": {"uv": [126.032, 0.032], "uv_size": [19.6555, 33.46038]},
								"up": {"uv": [208.6875, 34.45313], "uv_size": [-19.6555, -34.42113]},
								"down": {"uv": [145.6875, 33.49238], "uv_size": [-19.6555, -33.46038]}
							}
						},
						{
							"origin": [-1, 0.15, -0.38462],
							"size": [2.5, 0, 4],
							"uv": {
								"north": {"uv": [126.032, 0.032], "uv_size": [19.6555, 33.46038]},
								"east": {"uv": [126.032, 0.032], "uv_size": [19.6555, 33.46038]},
								"south": {"uv": [126.032, 0.032], "uv_size": [19.6555, 33.46038]},
								"west": {"uv": [126.032, 0.032], "uv_size": [19.6555, 33.46038]},
								"up": {"uv": [145.6875, 34.47675], "uv_size": [-19.6555, -34.44475]},
								"down": {"uv": [145.6875, 33.49238], "uv_size": [-19.6555, -33.46038]}
							}
						},
						{
							"origin": [-4.5, 0.15, -0.38462],
							"size": [2.5, 0, 4],
							"uv": {
								"north": {"uv": [126.032, 0.032], "uv_size": [19.6555, 33.46038]},
								"east": {"uv": [126.032, 0.032], "uv_size": [19.6555, 33.46038]},
								"south": {"uv": [126.032, 0.032], "uv_size": [19.6555, 33.46038]},
								"west": {"uv": [126.032, 0.032], "uv_size": [19.6555, 33.46038]},
								"up": {"uv": [145.6875, 34.47675], "uv_size": [-19.6555, -34.44475]},
								"down": {"uv": [145.6875, 33.49238], "uv_size": [-19.6555, -33.46038]}
							}
						},
						{
							"origin": [-1.9, 0.55, -5.03462],
							"size": [3.8, 0.5, 2.3],
							"uv": {
								"north": {"uv": [0.032, 0.032], "uv_size": [125.936, 125.936]},
								"east": {"uv": [0.032, 0.032], "uv_size": [125.936, 125.936]},
								"south": {"uv": [0.032, 0.032], "uv_size": [125.936, 125.936]},
								"west": {"uv": [0.032, 0.032], "uv_size": [125.936, 125.936]},
								"up": {"uv": [144.6795, 33.44512], "uv_size": [-17.6475, -32.41312]},
								"down": {"uv": [145.6875, 33.49238], "uv_size": [-19.6555, -33.46038]}
							}
						},
						{
							"origin": [-1.9, 0.05, -5.03462],
							"size": [3.8, 0.5, 2.3],
							"uv": {
								"north": {"uv": [0.032, 0.032], "uv_size": [125.936, 125.936]},
								"east": {"uv": [0.032, 0.032], "uv_size": [125.936, 125.936]},
								"south": {"uv": [0.032, 0.032], "uv_size": [125.936, 125.936]},
								"west": {"uv": [0.032, 0.032], "uv_size": [125.936, 125.936]},
								"up": {"uv": [145.6875, 34.461], "uv_size": [-19.6555, -34.429]},
								"down": {"uv": [144.6795, 33.44512], "uv_size": [-17.6475, -32.41312]}
							}
						},
						{
							"origin": [-2, 1.08, -5.13462],
							"size": [4, 0, 2.5],
							"uv": {
								"north": {"uv": [126.032, 0.032], "uv_size": [19.6555, 33.46038]},
								"east": {"uv": [126.032, 0.032], "uv_size": [19.6555, 33.46038]},
								"south": {"uv": [126.032, 0.032], "uv_size": [19.6555, 33.46038]},
								"west": {"uv": [126.032, 0.032], "uv_size": [19.6555, 33.46038]},
								"up": {"uv": [145.6875, 34.47675], "uv_size": [-19.6555, -34.44475]},
								"down": {"uv": [145.6875, 33.49238], "uv_size": [-19.6555, -33.46038]}
							}
						},
						{
							"origin": [-2, 0.83, -5.13462],
							"size": [4, 0, 2.5],
							"uv": {
								"north": {"uv": [126.032, 0.032], "uv_size": [19.6555, 33.46038]},
								"east": {"uv": [126.032, 0.032], "uv_size": [19.6555, 33.46038]},
								"south": {"uv": [126.032, 0.032], "uv_size": [19.6555, 33.46038]},
								"west": {"uv": [126.032, 0.032], "uv_size": [19.6555, 33.46038]},
								"up": {"uv": [145.6875, 34.47675], "uv_size": [-19.6555, -34.44475]},
								"down": {"uv": [145.6875, 33.49238], "uv_size": [-19.6555, -33.46038]}
							}
						},
						{
							"origin": [-2, 0.58, -5.13462],
							"size": [4, 0, 2.5],
							"uv": {
								"north": {"uv": [126.032, 0.032], "uv_size": [19.6555, 33.46038]},
								"east": {"uv": [126.032, 0.032], "uv_size": [19.6555, 33.46038]},
								"south": {"uv": [126.032, 0.032], "uv_size": [19.6555, 33.46038]},
								"west": {"uv": [126.032, 0.032], "uv_size": [19.6555, 33.46038]},
								"up": {"uv": [145.6875, 34.47675], "uv_size": [-19.6555, -34.44475]},
								"down": {"uv": [145.6875, 33.49238], "uv_size": [-19.6555, -33.46038]}
							}
						},
						{
							"origin": [-2, 0.33, -5.13462],
							"size": [4, 0, 2.5],
							"uv": {
								"north": {"uv": [126.032, 0.032], "uv_size": [19.6555, 33.46038]},
								"east": {"uv": [126.032, 0.032], "uv_size": [19.6555, 33.46038]},
								"south": {"uv": [126.032, 0.032], "uv_size": [19.6555, 33.46038]},
								"west": {"uv": [126.032, 0.032], "uv_size": [19.6555, 33.46038]},
								"up": {"uv": [145.6875, 34.47675], "uv_size": [-19.6555, -34.44475]},
								"down": {"uv": [145.6875, 33.49238], "uv_size": [-19.6555, -33.46038]}
							}
						},
						{
							"origin": [-2, 0.08, -5.13462],
							"size": [4, 0, 2.5],
							"uv": {
								"north": {"uv": [126.032, 0.032], "uv_size": [19.6555, 33.46038]},
								"east": {"uv": [126.032, 0.032], "uv_size": [19.6555, 33.46038]},
								"south": {"uv": [126.032, 0.032], "uv_size": [19.6555, 33.46038]},
								"west": {"uv": [126.032, 0.032], "uv_size": [19.6555, 33.46038]},
								"up": {"uv": [145.6875, 34.47675], "uv_size": [-19.6555, -34.44475]},
								"down": {"uv": [145.6875, 33.49238], "uv_size": [-19.6555, -33.46038]}
							}
						}
					]
				}
			]
		}
	]
}