{
	"format_version": "1.12.0",
	"minecraft:geometry": [
		{
			"description": {
				"identifier": "geometry.incense",
				"texture_width": 16,
				"texture_height": 16,
				"visible_bounds_width": 2,
				"visible_bounds_height": 1.5,
				"visible_bounds_offset": [0, 0.25, 0]
			},
			"bones": [
				{
					"name": "Stand",
					"pivot": [-8, 8, 8],
					"cubes": [
						{
							"origin": [-4.72715, -0.01361, -1.00901],
							"size": [8, 0.5, 2],
							"uv": {
								"north": {"uv": [0.14063, 0.016], "uv_size": [0.03125, 0.234]},
								"east": {"uv": [0.14063, 0.016], "uv_size": [0.20166, 0.23253]},
								"south": {"uv": [0.14063, 0.016], "uv_size": [0.03125, 0.234]},
								"west": {"uv": [0.14063, 0.016], "uv_size": [0.20166, 0.23253]},
								"up": {"uv": [0.20313, 0.25], "uv_size": [-0.0625, -0.234]},
								"down": {"uv": [0.20313, 0.25], "uv_size": [-0.0625, -0.234]}
							}
						},
						{
							"origin": [3.01857, -1.26503, -1.0034],
							"size": [0.75, 0.5, 1.98],
							"pivot": [0, 0, 0],
							"rotation": [0, 0, -22.5],
							"uv": {
								"north": {"uv": [0.14063, 0.016], "uv_size": [0.03125, -0.00038]},
								"east": {"uv": [0.14063, 0.016], "uv_size": [0.20166, 0.23253]},
								"south": {"uv": [0.14063, 0.01563], "uv_size": [0.03125, -0.03162]},
								"west": {"uv": [0.14063, 0.016], "uv_size": [0.20166, 0.23253]},
								"up": {"uv": [0.17188, -0.016], "uv_size": [-0.03125, 0.032]},
								"down": {"uv": [0.17188, -0.016], "uv_size": [-0.03125, 0.032]}
							}
						},
						{
							"origin": [2.99748, -2.61185, -1.00765],
							"size": [1, 0.5, 2],
							"pivot": [0, 0, 0],
							"rotation": [0, 0, -45],
							"uv": {
								"north": {"uv": [0.15625, 0.016], "uv_size": [0.03125, -0.00038]},
								"east": {"uv": [0.14063, 0.016], "uv_size": [0.20166, 0.23253]},
								"south": {"uv": [0.15625, 0.016], "uv_size": [0.03125, -0.00038]},
								"west": {"uv": [0.14063, 0.016], "uv_size": [0.20166, 0.23253]},
								"up": {"uv": [0.17188, -0.016], "uv_size": [-0.03125, 0.032]},
								"down": {"uv": [0.17188, -0.016], "uv_size": [-0.03125, 0.032]}
							}
						},
						{
							"origin": [3.99748, -2.61185, -0.90766],
							"size": [0.1, 0.5, 1.8],
							"pivot": [0, 0, 0],
							"rotation": [0, 0, -45],
							"uv": {
								"north": {"uv": [0.20313, 0.07813], "uv_size": [0.01563, -0.09412]},
								"east": {"uv": [0.20313, 0.07813], "uv_size": [0.01563, -0.09412]},
								"south": {"uv": [0.20313, 0.07813], "uv_size": [0.01563, -0.09412]},
								"west": {"uv": [0.20313, 0.07813], "uv_size": [0.01563, -0.09412]},
								"up": {"uv": [0.21875, -0.016], "uv_size": [-0.01562, 0.09413]},
								"down": {"uv": [0.21875, -0.016], "uv_size": [-0.01562, 0.09413]}
							}
						},
						{
							"origin": [4.09748, -2.61185, -0.70765],
							"size": [0.1, 0.5, 1.4],
							"pivot": [0, 0, 0],
							"rotation": [0, 0, -45],
							"uv": {
								"north": {"uv": [0.20313, 0.07813], "uv_size": [0.01563, -0.09412]},
								"east": {"uv": [0.20313, 0.07813], "uv_size": [0.01563, -0.09412]},
								"south": {"uv": [0.20313, 0.07813], "uv_size": [0.01563, -0.09412]},
								"west": {"uv": [0.20313, 0.07813], "uv_size": [0.01563, -0.09412]},
								"up": {"uv": [0.21875, -0.016], "uv_size": [-0.01562, 0.09413]},
								"down": {"uv": [0.21875, -0.016], "uv_size": [-0.01562, 0.09413]}
							}
						},
						{
							"origin": [4.19748, -2.61185, -0.50765],
							"size": [0.1, 0.5, 1],
							"pivot": [0, 0, 0],
							"rotation": [0, 0, -45],
							"uv": {
								"north": {"uv": [0.20313, 0.07813], "uv_size": [0.01563, -0.09412]},
								"east": {"uv": [0.20313, 0.07813], "uv_size": [0.01563, -0.09412]},
								"south": {"uv": [0.20313, 0.07813], "uv_size": [0.01563, -0.09412]},
								"west": {"uv": [0.20313, 0.07813], "uv_size": [0.01563, -0.09412]},
								"up": {"uv": [0.21875, -0.016], "uv_size": [-0.01562, 0.09413]},
								"down": {"uv": [0.21875, -0.016], "uv_size": [-0.01562, 0.09413]}
							}
						},
						{
							"origin": [-5.02696, -0.01345, -0.50898],
							"size": [0.1, 0.5, 1],
							"uv": {
								"north": {"uv": [0.20313, 0.07813], "uv_size": [0.01563, -0.09412]},
								"east": {"uv": [0.20313, 0.07813], "uv_size": [0.01563, -0.09412]},
								"south": {"uv": [0.20313, 0.07813], "uv_size": [0.01563, -0.09412]},
								"west": {"uv": [0.20313, 0.07813], "uv_size": [0.01563, -0.09412]},
								"up": {"uv": [0.21875, -0.016], "uv_size": [-0.01562, 0.09413]},
								"down": {"uv": [0.21875, -0.016], "uv_size": [-0.01562, 0.09413]}
							}
						},
						{
							"origin": [-4.92696, -0.01345, -0.70899],
							"size": [0.1, 0.5, 1.4],
							"uv": {
								"north": {"uv": [0.20313, 0.07813], "uv_size": [0.01563, -0.09412]},
								"east": {"uv": [0.20313, 0.07813], "uv_size": [0.01563, -0.09412]},
								"south": {"uv": [0.20313, 0.07813], "uv_size": [0.01563, -0.09412]},
								"west": {"uv": [0.20313, 0.07813], "uv_size": [0.01563, -0.09412]},
								"up": {"uv": [0.21875, -0.016], "uv_size": [-0.01562, 0.09413]},
								"down": {"uv": [0.21875, -0.016], "uv_size": [-0.01562, 0.09413]}
							}
						},
						{
							"origin": [-4.82696, -0.01345, -0.90899],
							"size": [0.1, 0.5, 1.8],
							"uv": {
								"north": {"uv": [0.20313, 0.07813], "uv_size": [0.01563, -0.09412]},
								"east": {"uv": [0.20313, 0.07813], "uv_size": [0.01563, -0.09412]},
								"south": {"uv": [0.20313, 0.07813], "uv_size": [0.01563, -0.09412]},
								"west": {"uv": [0.20313, 0.07813], "uv_size": [0.01563, -0.09412]},
								"up": {"uv": [0.21875, -0.016], "uv_size": [-0.01562, 0.09413]},
								"down": {"uv": [0.21875, -0.016], "uv_size": [-0.01562, 0.09413]}
							}
						}
					]
				},
				{
					"name": "Stick",
					"pivot": [-8, 8, 8],
					"cubes": [
						{
							"origin": [-4.55636, 2.01298, -0.209],
							"size": [0.25, 0.45, 0.45],
							"pivot": [0, 0, 0],
							"rotation": [0, 0, 22.5],
							"uv": {
								"north": {"uv": [0.09375, 0.04688], "uv_size": [0.04688, -0.06287]},
								"east": {"uv": [0.09375, 0.04688], "uv_size": [0.04688, -0.06287]},
								"south": {"uv": [0.09375, 0.04688], "uv_size": [0.04688, -0.06287]},
								"west": {"uv": [0.09375, 0.04688], "uv_size": [0.04688, -0.06287]},
								"up": {"uv": [0.14063, -0.016], "uv_size": [-0.04687, 0.06288]},
								"down": {"uv": [0.14063, -0.016], "uv_size": [-0.04687, 0.06288]}
							}
						},
						{
							"origin": [-4.30636, 2.01298, -0.209],
							"size": [5.5, 0.45, 0.45],
							"pivot": [0, 0, 0],
							"rotation": [0, 0, 22.5],
							"uv": {
								"north": {"uv": [0.016, 0.016], "uv_size": [-0.032, 0.23253]},
								"east": {"uv": [0.016, 0.016], "uv_size": [-0.032, 0.23253]},
								"south": {"uv": [0.016, 0.016], "uv_size": [-0.032, 0.23253]},
								"west": {"uv": [0.016, 0.016], "uv_size": [-0.032, 0.23253]},
								"up": {"uv": [-0.016, 0.24853], "uv_size": [0.032, -0.23253]},
								"down": {"uv": [-0.016, 0.24853], "uv_size": [0.032, -0.23253]}
							}
						},
						{
							"origin": [1.19364, 2.11298, -0.109],
							"size": [4, 0.25, 0.25],
							"pivot": [0, 0, 0],
							"rotation": [0, 0, 22.5],
							"uv": {
								"north": {"uv": [0.04688, 0.016], "uv_size": [-0.06287, 0.22547]},
								"east": {"uv": [0.04688, 0.016], "uv_size": [-0.06287, 0.22547]},
								"south": {"uv": [0.04688, 0.016], "uv_size": [-0.06287, 0.22547]},
								"west": {"uv": [0.04688, 0.016], "uv_size": [-0.06287, 0.22547]},
								"up": {"uv": [-0.016, 0.24147], "uv_size": [0.06288, -0.22547]},
								"down": {"uv": [-0.016, 0.24147], "uv_size": [0.06288, -0.22547]}
							}
						},
						{
							"origin": [-4.80636, 2.01298, -0.209],
							"size": [0.25, 0.45, 0.45],
							"pivot": [0, 0, 0],
							"rotation": [0, 0, 22.5],
							"uv": {
								"north": {"uv": [0.09375, 0.016], "uv_size": [0.04688, -0.032]},
								"east": {"uv": [0.09375, 0.016],