{
	"format_version": "1.12.0",
	"minecraft:geometry": [
		{
			"description": {
				"identifier": "geometry.voodoodoll",
				"texture_width": 64,
				"texture_height": 64,
				"visible_bounds_width": 2,
				"visible_bounds_height": 1.5,
				"visible_bounds_offset": [0, 0.25, 0]
			},
			"bones": [
				{
					"name": "VoodooDoll",
					"pivot": [-6.21783, 1.7804, 6.1649],
					"cubes": [
						{
							"origin": [-3.20363, 5.23103, 0.07157],
							"size": [0.855, 0.855, 0],
							"pivot": [0, 0, 0],
							"rotation": [0, 0, 22.5],
							"uv": {
								"north": {"uv": [1.032, 39.032], "uv_size": [5.936, 5.936]},
								"east": {"uv": [1.032, 34.032], "uv_size": [8.936, 2.936]},
								"south": {"uv": [1.032, 34.032], "uv_size": [8.936, 2.936]},
								"west": {"uv": [1.032, 34.032], "uv_size": [8.936, 2.936]},
								"up": {"uv": [9.968, 36.968], "uv_size": [-8.936, -2.936]},
								"down": {"uv": [9.968, 36.968], "uv_size": [-8.936, -2.936]}
							}
						},
						{
							"origin": [-0.27372, 1.575, -2.55587],
							"size": [1.52, 0, 0.38],
							"pivot": [0, 0, 0],
							"rotation": [0, -22.5, 0],
							"uv": {
								"north": {"uv": [1.032, 34.032], "uv_size": [8.936, 2.936]},
								"east": {"uv": [1.032, 34.032], "uv_size": [8.936, 2.936]},
								"south": {"uv": [1.032, 34.032], "uv_size": [8.936, 2.936]},
								"west": {"uv": [1.032, 34.032], "uv_size": [8.936, 2.936]},
								"up": {"uv": [9.968, 36.968], "uv_size": [-8.936, -2.936]},
								"down": {"uv": [9.968, 36.968], "uv_size": [-8.936, -2.936]}
							}
						},
						{
							"origin": [-0.27372, 0.055, -2.55587],
							"size": [0, 1.52, 0.38],
							"pivot": [0, 0, 0],
							"rotation": [0, -22.5, 0],
							"uv": {
								"north": {"uv": [1.032, 34.032], "uv_size": [8.936, 2.936]},
								"east": {"uv": [1.032, 34.032], "uv_size": [8.936, 2.936]},
								"south": {"uv": [1.032, 34.032], "uv_size": [8.936, 2.936]},
								"west": {"uv": [1.032, 34.032], "uv_size": [8.936, 2.936]},
								"up": {"uv": [9.968, 36.968], "uv_size": [-8.936, -2.936]},
								"down": {"uv": [9.968, 36.968], "uv_size": [-8.936, -2.936]}
							}
						},
						{
							"origin": [1.28428, 0.055, -2.55587],
							"size": [0, 1.52, 0.38],
							"pivot": [0, 0, 0],
							"rotation": [0, -22.5, 0],
							"uv": {
								"north": {"uv": [1.032, 34.032], "uv_size": [8.936, 2.936]},
								"east": {"uv": [1.032, 34.032], "uv_size": [8.936, 2.936]},
								"south": {"uv": [1.032, 34.032], "uv_size": [8.936, 2.936]},
								"west": {"uv": [1.032, 34.032], "uv_size": [8.936, 2.936]},
								"up": {"uv": [9.968, 36.968], "uv_size": [-8.936, -2.936]},
								"down": {"uv": [9.968, 36.968], "uv_size": [-8.936, -2.936]}
							}
						},
						{
							"origin": [-2.16395, 0.055, -1.72465],
							"size": [0, 1.52, 0.38],
							"pivot": [0, 0, 0],
							"rotation": [0, 22.5, 0],
							"uv": {
								"north": {"uv": [1.032, 34.032], "uv_size": [8.936, 2.936]},
								"east": {"uv": [1.032, 34.032], "uv_size": [8.936, 2.936]},
								"south": {"uv": [1.032, 34.032], "uv_size": [8.936, 2.936]},
								"west": {"uv": [1.032, 34.032], "uv_size": [8.936, 2.936]},
								"up": {"uv": [9.968, 36.968], "uv_size": [-8.936, -2.936]},
								"down": {"uv": [9.968, 36.968], "uv_size": [-8.936, -2.936]}
							}
						},
						{
							"origin": [-2.16395, 1.575, -1.72465],
							"size": [1.52, 0, 0.38],
							"pivot": [0, 0, 0],
							"rotation": [0, 22.5, 0],
							"uv": {
								"north": {"uv": [1.032, 34.032], "uv_size": [8.936, 2.936]},
								"east": {"uv": [1.032, 34.032], "uv_size": [8.936, 2.936]},
								"south": {"uv": [1.032, 34.032], "uv_size": [8.936, 2.936]},
								"west": {"uv": [1.032, 34.032], "uv_size": [8.936, 2.936]},
								"up": {"uv": [9.968, 36.968], "uv_size": [-8.936, -2.936]},
								"down": {"uv": [9.968, 36.968], "uv_size": [-8.936, -2.936]}
							}
						},
						{
							"origin": [-0.60595, 0.055, -1.72465],
							"size": [0, 1.52, 0.38],
							"pivot": [0, 0, 0],
							"rotation": [0, 22.5, 0],
							"uv": {
								"north": {"uv": [1.032, 34.032], "uv_size": [8.936, 2.936]},
								"east": {"uv": [1.032, 34.032], "uv_size": [8.936, 2.936]},
								"south": {"uv": [1.032, 34.032], "uv_size": [8.936, 2.936]},
								"west": {"uv": [1.032, 34.032], "uv_size": [8.936, 2.936]},
								"up": {"uv": [9.968, 36.968], "uv_size": [-8.936, -2.936]},
								"down": {"uv": [9.968, 36.968], "uv_size": [-8.936, -2.936]}
							}
						},
						{
							"origin": [1.94396, 1.64481, 2.95957],
							"size": [1.52, 0.38, 0],
							"pivot": [0, 0, 0],
							"rotation": [0, 0, -22.5],
							"uv": {
								"north": {"uv": [1.032, 34.032], "uv_size": [8.936, 2.936]},
								"east": {"uv": [1.032, 34.032], "uv_size": [8.936, 2.936]},
								"south": {"uv": [1.032, 34.032], "uv_size": [8.936, 2.936]},
								"west": {"uv": [1.032, 34.032], "uv_size": [8.936, 2.936]},
								"up": {"uv": [9.968, 36.968], "uv_size": [-8.936, -2.936]},
								"down": {"uv": [9.968, 36.968], "uv_size": [-8.936, -2.936]}
							}
						},
						{
							"origin": [3.46396, 1.64481, 1.43957],
							"size": [0, 0.38, 1.52],
							"pivot": [0, 0, 0],
							"rotation": [0, 0, -22.5],
							"uv": {
								"north": {"uv": [1.032, 34.032], "uv_size": [8.936, 2.936]},
								"east": {"uv": [1.032, 34.032], "uv_size": [8.936, 2.936]},
								"south": {"uv": [1.032, 34.032], "uv_size": [8.936, 2.936]},
								"west": {"uv": [1.032, 34.032], "uv_size": [8.936, 2.936]},
								"up": {"uv": [9.968, 36.968], "uv_size": [-8.936, -2.936]},
								"down": {"uv": [9.968, 36.968], "uv_size": [-8.936, -2.936]}
							}
						},
						{
							"origin": [1.94396, 1.64481, 1.40157],
							"size": [1.52, 0.38, 0],
							"pivot": [0, 0, 0],
							"rotation": [0, 0, -22.5],
							"uv": {
								"north": {"uv": [1.032, 34.032], "uv_size": [8.936, 2.936]},
								"east": {"uv": [1.032, 34.032], "uv_size": [8.936, 2.936]},
								"south": {"uv": [1.032, 34.032], "uv_size": [8.936, 2.936]},
								"west": {"uv": [1.032, 34.032], "uv_size": [8.936, 2.936]},
								"up": {"uv": [9.968, 36.968], "uv_size": [-8.936, -2.936]},
								"down": {"uv": [9.968, 36.968], "uv_size": [-8.936, -2.936]}
							}
						},
						{
							"origin": [-4.30052, 0.33199, 1.40157],
							"size": [0, 0.38, 1.52],
							"pivot": [0, 0, 0],
							"rotation": [0, 0, 22.5],
							"uv": {
								"north": {"uv": [1.032, 36.968], "uv_size": [8.936, -2.936]},
								"east": {"uv": [9.968, 34.032], "uv_size": [-8.936, 2.936]},
								"south": {"uv": [1.032, 36.968], "uv_size": [8.936, -2.936]},
								"west": {"uv": [9.968, 34.032], "uv_size": [-8.936, 2.936]},
								"up": {"uv": [9.968, 34.032], "uv_size": [-8.936, 2.936]},
								"down": {"uv": [9.968, 34.032], "uv_size": [-8.936, 2.936]}
							}
						},
						{
							"origin": [-4.30052, 0.33199, 2.92157],
							"size": [1.52, 0.38, 0],
							"pivot": [0, 0, 0],
							"rotation": [0, 0, 22.5],
							"uv": {
								"north": {"uv": [9.968, 34.032], "uv_size": [-8.936, 2.936]},
								"east": {"uv": [1.032, 36.968], "uv_size": [8.936, -2.936]},
								"south": {"uv": [9.968, 34.032], "uv_size": [-8.936, 2.936]},
								"west": {"uv": [1.032, 36.968], "uv_size": [8.936, -2.936]},
								"up": {"uv": [1.032, 36.968], "uv_size": [8.936, -2.936]},
								"down": {"uv": [1.032, 36.968], "uv_size": [8.936, -2.936]}
							}
						},
						{
							"origin": [-4.30052, 0.33199, 1.36357],
							"size": [1.52, 0.38, 0],
							"pivot": [0, 0, 0],
							"rotation": [0, 0, 22.5],
							"uv": {
								"north": {"uv": [9.968, 34.032], "uv_size": [-8.936, 2.936]},
								"east": {"uv": [1.032, 36.968], "uv_size": [8.936, -2.936]},
								"south": {"uv": [9.968, 34.032], "uv_size": [-8.936, 2.936]},
								"west": {"uv": [1.032, 36.968], "uv_size": [8.936, -2.936]},
								"up": {"uv": [1.032, 36.968], "uv_size": [8.936, -2.936]},